Date,Portfolio,Actual_Returns,LSTM_Predicted_Returns,Historical_VaR,Historical_ES,LSTM_VaR,LSTM_ES,MonteCarlo_VaR,MonteCarlo_ES,Historical_VaR_Breach,LSTM_VaR_Breach,MonteCarlo_VaR_Breach,Historical_ES_Breach,LSTM_ES_Breach,MonteCarlo_ES_Breach
2024-05-22 00:00:00,S&P 500 (Market-Cap-Weight),-0.003776367286061532,-0.0041535062248642465,-0.019159941707563,-0.02884299855186605,-0.015829467295792776,-0.0190741764740795,-0.011860845623707929,-0.015117230613562743,0.0,0.0,0.0,0.0,0.0,0.0
2024-05-23 00:00:00,S&P 500 (Market-Cap-Weight),-0.006183781647689263,-0.004549451908826502,-0.019159941707563,-0.02884299855186605,-0.01646266054922711,-0.019831406672794594,-0.012076955794810176,-0.015375589779952932,0.0,0.0,0.0,0.0,0.0,0.0
2024-05-24 00:00:00,S&P 500 (Market-Cap-Weight),0.007104095290798584,-0.005279918279516387,-0.019159941707563,-0.02884299855186605,-0.01820821099843854,-0.02212057639091066,-0.011900385529188172,-0.01500157544896243,0.0,0.0,0.0,0.0,0.0,0.0
2024-05-28 00:00:00,S&P 500 (Market-Cap-Weight),0.001642221893701251,-0.004682891632284845,-0.019159941707563,-0.02884299855186605,-0.01645178412343983,-0.01902658767842798,-0.01220235505370511,-0.016386335475225375,0.0,0.0,0.0,0.0,0.0,0.0
2024-05-29 00:00:00,S&P 500 (Market-Cap-Weight),-0.0066181470873152215,-0.00455922229288838,-0.019159941707563,-0.02884299855186605,-0.016699995814686192,-0.019467583608894053,-0.010706998363625556,-0.014212834109669448,0.0,0.0,0.0,0.0,0.0,0.0
2024-05-30 00:00:00,S&P 500 (Market-Cap-Weight),-0.006605455268071991,-0.004373202523323741,-0.019159941707563,-0.02884299855186605,-0.01701422839032478,-0.0201462529279204,-0.010842321014048072,-0.013701101064758428,0.0,0.0,0.0,0.0,0.0,0.0
2024-05-31 00:00:00,S&P 500 (Market-Cap-Weight),0.007485064194913191,-0.005399387579437123,-0.019159941707563,-0.02884299855186605,-0.018970247417421485,-0.022082435702493387,-0.011810238744131922,-0.014684873923906714,0.0,0.0,0.0,0.0,0.0,0.0
2024-06-03 00:00:00,S&P 500 (Market-Cap-Weight),0.0017300326803079602,-0.0043818368044261325,-0.019159941707563,-0.02884299855186605,-0.017216434157054015,-0.020454775532561763,-0.012096234757088896,-0.015167165816018315,0.0,0.0,0.0,0.0,0.0,0.0
2024-06-04 00:00:00,S&P 500 (Market-Cap-Weight),0.002561173729758193,-0.004308530441998759,-0.019159941707563,-0.02884299855186605,-0.017168624320251583,-0.021180141296896222,-0.012177633872302324,-0.015722034818681934,0.0,0.0,0.0,0.0,0.0,0.0
2024-06-05 00:00:00,S&P 500 (Market-Cap-Weight),0.011083187611182774,-0.004014207066721084,-0.019159941707563,-0.02884299855186605,-0.015925601830768032,-0.018869680578619423,-0.011545000955315176,-0.014425058501390076,0.0,0.0,0.0,0.0,0.0,0.0
2024-06-06 00:00:00,S&P 500 (Market-Cap-Weight),3.034084483858519e-05,-0.004029131704412102,-0.019159941707563,-0.02884299855186605,-0.015459308138678898,-0.018745722258788206,-0.011457098899805914,-0.014097440324599857,0.0,0.0,0.0,0.0,0.0,0.0
2024-06-07 00:00:00,S&P 500 (Market-Cap-Weight),-0.0015284889320685466,-0.0036446118061825984,-0.019159941707563,-0.02884299855186605,-0.014808513789120466,-0.017800390168726782,-0.011379443387565708,-0.01421109761394802,0.0,0.0,0.0,0.0,0.0,0.0
2024-06-10 00:00:00,S&P 500 (Market-Cap-Weight),0.0021422038090659567,-0.004268127557197452,-0.019159941707563,-0.02884299855186605,-0.015740139960626728,-0.01884215626149132,-0.012196337608270609,-0.015139838379162432,0.0,0.0,0.0,0.0,0.0,0.0
2024-06-11 00:00:00,S&P 500 (Market-Cap-Weight),0.0027968317243766442,-0.004153973353829729,-0.019159941707563,-0.02884299855186605,-0.01649675140001169,-0.020009106018304537,-0.010526158209982525,-0.014086867027190204,0.0,0.0,0.0,0.0,0.0,0.0
2024-06-12 00:00:00,S&P 500 (Market-Cap-Weight),0.009520816953570667,-0.004038063335199662,-0.019159941707563,-0.02884299855186605,-0.015599867488519534,-0.01847265088069121,-0.01175912582260257,-0.01534789712275475,0.0,0.0,0.0,0.0,0.0,0.0
2024-06-13 00:00:00,S&P 500 (Market-Cap-Weight),0.0024423580775775004,-0.0034701687941875886,-0.018862287892813343,-0.028039733259904415,-0.014452525656778193,-0.017272963084644884,-0.012140576781571523,-0.01576899065244599,0.0,0.0,0.0,0.0,0.0,0.0
2024-06-14 00:00:00,S&P 500 (Market-Cap-Weight),0.00027620309241401436,-0.0034973716583470604,-0.018862287892813343,-0.028039733259904415,-0.014876780991283424,-0.01762794874581744,-0.011108038938260983,-0.014151216834562884,0.0,0.0,0.0,0.0,0.0,0.0
2024-06-17 00:00:00,S&P 500 (Market-Cap-Weight),0.008079505163495688,-0.004251843447073093,-0.018862287892813343,-0.028039733259904415,-0.015071693674325502,-0.01832573197164609,-0.010738757632897465,-0.013902579246084179,0.0,0.0,0.0,0.0,0.0,0.0
2024-06-18 00:00:00,S&P 500 (Market-Cap-Weight),0.0021424173755650003,-0.003948478510268825,-0.018862287892813343,-0.028039733259904415,-0.014271994658492198,-0.0171918757842095,-0.010510731045802722,-0.013769790579909878,0.0,0.0,0.0,0.0,0.0,0.0
2024-06-20 00:00:00,S&P 500 (Market-Cap-Weight),-0.002070427229663988,-0.0036914988290029796,-0.018862287892813343,-0.028039733259904415,-0.01562307802458695,-0.018540591127889947,-0.011681166415337944,-0.014879117866508706,0.0,0.0,0.0,0.0,0.0,0.0
2024-06-21 00:00:00,S&P 500 (Market-Cap-Weight),-0.0005577861432124,-0.004220762807717422,-0.018862287892813343,-0.028039733259904415,-0.015656584312468,-0.0186255847416106,-0.011455104115489247,-0.014795354972137626,0.0,0.0,0.0,0.0,0.0,0.0
2024-06-24 00:00:00,S&P 500 (Market-Cap-Weight),-0.0036587355747594434,-0.004686515485272283,-0.018862287892813343,-0.028039733259904415,-0.017025628829069817,-0.020178455839080435,-0.0108016197023146,-0.0137914730292118,0.0,0.0,0.0,0.0,0.0,0.0
2024-06-25 00:00:00,S&P 500 (Market-Cap-Weight),0.004913920720320311,-0.004569925451974841,-0.018862287892813343,-0.028039733259904415,-0.017186427661361962,-0.020937725392311826,-0.010985410229069487,-0.014869702734421281,0.0,0.0,0.0,0.0,0.0,0.0
2024-06-26 00:00:00,S&P 500 (Market-Cap-Weight),0.002664074378504566,-0.0036851210289624153,-0.018862287892813343,-0.028039733259904415,-0.01563637584384595,-0.019034610799103485,-0.011396496677845482,-0.01491558623275349,0.0,0.0,0.0,0.0,0.0,0.0
2024-06-27 00:00:00,S&P 500 (Market-Cap-Weight),0.0009336236867610215,-0.003913940859291207,-0.018822815891784698,-0.02789460621936619,-0.016382469548366585,-0.019218758701094015,-0.011267613498260885,-0.014608325933256484,0.0,0.0,0.0,0.0,0.0,0.0
2024-06-28 00:00:00,S&P 500 (Market-Cap-Weight),-0.003947295575647294,-0.0039628346991129205,-0.018822815891784698,-0.02789460621936619,-0.015054859246777123,-0.018689293146862348,-0.010517142790262479,-0.013438255976764475,0.0,0.0,0.0,0.0,0.0,0.0
2024-07-01 00:00:00,S&P 500 (Market-Cap-Weight),0.0037003688177579875,-0.00429382182696407,-0.01877572578068897,-0.027722035459769655,-0.01604271464699091,-0.019576867843451456,-0.011296202186380609,-0.014046115705528044,0.0,0.0,0.0,0.0,0.0,0.0
2024-07-02 00:00:00,S&P 500 (Market-Cap-Weight),0.007521312992011339,-0.00389482067099882,-0.01877572578068897,-0.027722035459769655,-0.015386526456450923,-0.018364761917531537,-0.011211540919441595,-0.014573463730238115,0.0,0.0,0.0,0.0,0.0,0.0
2024-07-03 00:00:00,S&P 500 (Market-Cap-Weight),0.005826642854623431,-0.003856499515019371,-0.01877572578068897,-0.027722035459769655,-0.01518272127657601,-0.017743632330578664,-0.010920551136758225,-0.013667189956266082,0.0,0.0,0.0,0.0,0.0,0.0
2024-07-05 00:00:00,S&P 500 (Market-Cap-Weight),0.004911461698197583,-0.0040356827628342225,-0.01877572578068897,-0.027722035459769655,-0.015075278764401016,-0.017977720502974744,-0.011254329822856537,-0.01444446325502128,0.0,0.0,0.0,0.0,0.0,0.0
2024-07-08 00:00:00,S&P 500 (Market-Cap-Weight),0.0012875063975843408,-0.0036403440181411056,-0.01877572578068897,-0.027722035459769655,-0.014500664828772882,-0.0172850805361877,-0.011753353365025719,-0.015353863128441751,0.0,0.0,0.0,0.0,0.0,0.0
2024-07-09 00:00:00,S&P 500 (Market-Cap-Weight),0.0014101582479075605,-0.003857307732999855,-0.01877572578068897,-0.027722035459769655,-0.014562984196533575,-0.01766375410212155,-0.011269192863593833,-0.014700836876747798,0.0,0.0,0.0,0.0,0.0,0.0
2024-07-10 00:00:00,S&P 500 (Market-Cap-Weight),0.010376792579506793,-0.0041045414858811875,-0.01877572578068897,-0.027722035459769655,-0.01522819345261046,-0.017987391753974777,-0.011619555062058636,-0.014719274223105736,0.0,0.0,0.0,0.0,0.0,0.0
2024-07-11 00:00:00,S&P 500 (Market-Cap-Weight),-0.009934853192389277,-0.0036662937744649754,-0.01877572578068897,-0.027722035459769655,-0.014678171041727304,-0.016771982295649423,-0.011565131021272091,-0.01396687786922016,0.0,0.0,0.0,0.0,0.0,0.0
2024-07-12 00:00:00,S&P 500 (Market-Cap-Weight),0.0058490508077576955,-0.00500743975082211,-0.01877572578068897,-0.027722035459769655,-0.01816273379809466,-0.020635670708691496,-0.011369341096169503,-0.014495014924468124,0.0,0.0,0.0,0.0,0.0,0.0
2024-07-15 00:00:00,S&P 500 (Market-Cap-Weight),0.003318363975322226,-0.004214003199526871,-0.01877572578068897,-0.027722035459769655,-0.016182381243734386,-0.01843734876708757,-0.011872834368576503,-0.015235797957739636,0.0,0.0,0.0,0.0,0.0,0.0
2024-07-16 00:00:00,S&P 500 (Market-Cap-Weight),0.005879900281690604,-0.004030713148605825,-0.01877572578068897,-0.027722035459769655,-0.015891037020000272,-0.018946573594519463,-0.011079152318154832,-0.014460648902739239,0.0,0.0,0.0,0.0,0.0,0.0
2024-07-17 00:00:00,S&P 500 (Market-Cap-Weight),-0.013060823645629115,-0.0039255253566240975,-0.01877572578068897,-0.027722035459769655,-0.015392136548139108,-0.01855433315442651,-0.010772552100760521,-0.014616309607357457,0.0,0.0,1.0,0.0,0.0,0.0
2024-07-18 00:00:00,S&P 500 (Market-Cap-Weight),-0.00845394204760207,-0.004786456161755949,-0.01877572578068897,-0.027722035459769655,-0.017535851900858893,-0.0213058719672228,-0.011471354511286712,-0.015113032850822057,0.0,0.0,0.0,0.0,0.0,0.0
2024-07-19 00:00:00,S&P 500 (Market-Cap-Weight),-0.006875249391242821,-0.005623965736232147,-0.01877572578068897,-0.027722035459769655,-0.01910466880974569,-0.023086838962290242,-0.012402574296477968,-0.01577392199856636,0.0,0.0,0.0,0.0,0.0,0.0
2024-07-22 00:00:00,S&P 500 (Market-Cap-Weight),0.011308653487963085,-0.005433074614982153,-0.01877572578068897,-0.027722035459769655,-0.020655619174553358,-0.024876745853764103,-0.011684843705094605,-0.014525115357667422,0.0,0.0,0.0,0.0,0.0,0.0
2024-07-23 00:00:00,S&P 500 (Market-Cap-Weight),-0.0011382062947012286,-0.004634090488106015,-0.01877572578068897,-0.027722035459769655,-0.018022214161789327,-0.02195040942219174,-0.012182854997209806,-0.014636972544688773,0.0,0.0,0.0,0.0,0.0,0.0
2024-07-24 00:00:00,S&P 500 (Market-Cap-Weight),-0.025579380281989847,-0.004107714213214482,-0.018822815891784698,-0.02785495954527942,-0.017104203404027504,-0.02053094835832533,-0.010860012254999836,-0.014147927486719319,1.0,1.0,1.0,0.0,1.0,1.0
2024-07-25 00:00:00,S&P 500 (Market-Cap-Weight),-0.006624765403089914,-0.006338450259754796,-0.018822815891784698,-0.02785495954527942,-0.023658447175042303,-0.02778625628107494,-0.013168511786985979,-0.016645263812782574,0.0,0.0,0.0,0.0,0.0,0.0
2024-07-26 00:00:00,S&P 500 (Market-Cap-Weight),0.009897252810662052,-0.006041358976657168,-0.018822815891784698,-0.02785495954527942,-0.026305904350535834,-0.030595195433606528,-0.012893056001746362,-0.015167129970061246,0.0,0.0,0.0,0.0,0.0,0.0
2024-07-29 00:00:00,S&P 500 (Market-Cap-Weight),0.002119309332615187,-0.005277413948354482,-0.018822815891784698,-0.02785495954527942,-0.023873283550136598,-0.028045720629775464,-0.013123644767149978,-0.016317944334281936,0.0,0.0,0.0,0.0,0.0,0.0
2024-07-30 00:00:00,S&P 500 (Market-Cap-Weight),-0.006382831240592477,-0.003984567041511145,-0.018822815891784698,-0.02785495954527942,-0.020784066428437036,-0.025251467633268264,-0.011222035087587798,-0.014514326396610086,0.0,0.0,0.0,0.0,0.0,0.0
2024-07-31 00:00:00,S&P 500 (Market-Cap-Weight),0.01738723143720504,-0.003655117490108882,-0.018822815891784698,-0.02785495954527942,-0.01940001474416928,-0.023447454514260474,-0.011554640814755828,-0.015016480851448133,0.0,0.0,0.0,0.0,0.0,0.0
2024-08-01 00:00:00,S&P 500 (Market-Cap-Weight),-0.01525174194435424,-0.0028604765019402192,-0.018822815891784698,-0.02785495954527942,-0.015527415413538744,-0.019288568157188542,-0.011983329199019193,-0.015688523627825867,0.0,0.0,1.0,0.0,0.0,0.0
2024-08-02 00:00:00,S&P 500 (Market-Cap-Weight),-0.0197645342032298,-0.0037050989404036195,-0.018862287892813343,-0.027873186378240558,-0.018729338732712528,-0.02192840275125751,-0.012485875273170617,-0.015430481173282273,1.0,1.0,1.0,0.0,0.0,1.0
2024-08-05 00:00:00,S&P 500 (Market-Cap-Weight),-0.0323959513318831,-0.004718290901546708,-0.019159941707563,-0.028138263858653378,-0.023271409186267644,-0.027455349242601467,-0.012447263575951571,-0.015581766798293682,1.0,1.0,1.0,1.0,1.0,1.0
2024-08-06 00:00:00,S&P 500 (Market-Cap-Weight),0.00864516846508474,-0.007440116633759617,-0.019159941707563,-0.028138263858653378,-0.03877447516302809,-0.04410697141109919,-0.01219784509394421,-0.015255433213040152,0.0,0.0,0.0,0.0,0.0,0.0
2024-08-07 00:00:00,S&P 500 (Market-Cap-Weight),-0.00829415240618885,-0.0059777049547617075,-0.019159941707563,-0.028138263858653378,-0.03595020721727511,-0.04422763905144942,-0.012558113796370975,-0.014917621900138534,0.0,0.0,0.0,0.0,0.0,0.0
2024-08-08 00:00:00,S&P 500 (Market-Cap-Weight),0.022837335353590033,-0.005546376822989007,-0.019159941707563,-0.028138263858653378,-0.04209944587505655,-0.05246974658281144,-0.0123757376084613,-0.01623383410115065,0.0,0.0,0.0,0.0,0.0,0.0
2024-08-09 00:00:00,S&P 500 (Market-Cap-Weight),0.004968675988142502,-0.0033120175207232263,-0.019159941707563,-0.028138263858653378,-0.03372561716844822,-0.04076372582673028,-0.012487021838662057,-0.016182166004743145,0.0,0.0,0.0,0.0,0.0,0.0
2024-08-12 00:00:00,S&P 500 (Market-Cap-Weight),0.0005844176276490765,-0.002121231390961769,-0.019159941707563,-0.028138263858653378,-0.0262960356383945,-0.0312224551169081,-0.01328362077524869,-0.01707793920877586,0.0,0.0,0.0,0.0,0.0,0.0
2024-08-13 00:00:00,S&P 500 (Market-Cap-Weight),0.017330243794402882,-0.00026934987822272024,-0.019159941707563,-0.028138263858653378,-0.021434122222473137,-0.02881301969428194,-0.012939143059263278,-0.017139409664902485,0.0,0.0,0.0,0.0,0.0,0.0
2024-08-14 00:00:00,S&P 500 (Market-Cap-Weight),0.0024362038184182633,-0.0005562482624071159,-0.019159941707563,-0.028138263858653378,-0.01813140948812249,-0.02235619744270334,-0.014129173186787186,-0.017542183565186092,0.0,0.0,0.0,0.0,0.0,0.0
2024-08-15 00:00:00,S&P 500 (Market-Cap-Weight),0.017076029225566707,-0.0008398702397996398,-0.019159941707563,-0.028138263858653378,-0.015627163739243374,-0.019410645462872526,-0.012400026234306026,-0.016329248601370815,0.0,0.0,0.0,0.0,0.0,0.0
2024-08-16 00:00:00,S&P 500 (Market-Cap-Weight),0.0035474325785465133,-0.0009211284682848879,-0.019159941707563,-0.028138263858653378,-0.01397507572976529,-0.01694062917779696,-0.012940318208134934,-0.016433810943994213,0.0,0.0,0.0,0.0,0.0,0.0
2024-08-19 00:00:00,S&P 500 (Market-Cap-Weight),0.01064754728283636,-0.0017170126711870386,-0.019159941707563,-0.028138263858653378,-0.014226322343592309,-0.01769270625496056,-0.011945955121065721,-0.015424339650172529,0.0,0.0,0.0,0.0,0.0,0.0
2024-08-20 00:00:00,S&P 500 (Market-Cap-Weight),-0.0017403000768554042,-0.0020334530497069167,-0.019159941707563,-0.028138263858653378,-0.013287747062407668,-0.016921343678172125,-0.012865961664309098,-0.015881001227318073,0.0,0.0,0.0,0.0,0.0,0.0
2024-08-21 00:00:00,S&P 500 (Market-Cap-Weight),0.003395895035875702,-0.0023542628582612136,-0.019159941707563,-0.028138263858653378,-0.013244880045592768,-0.016206363716694296,-0.012723349582052824,-0.01703426488404876,0.0,0.0,0.0,0.0,0.0,0.0
2024-08-22 00:00:00,S&P 500 (Market-Cap-Weight),-0.009931983763957876,-0.003100014248905621,-0.019159941707563,-0.028138263858653378,-0.014791069510058352,-0.017860695983127353,-0.012553145749816478,-0.015960622354745404,0.0,0.0,0.0,0.0,0.0,0.0
2024-08-23 00:00:00,S&P 500 (Market-Cap-Weight),0.01238488688110037,-0.004066486809080146,-0.019159941707563,-0.028138263858653378,-0.016168080591120494,-0.01908887285147887,-0.01210234351269725,-0.015455401291574758,0.0,0.0,0.0,0.0,0.0,0.0
2024-08-26 00:00:00,S&P 500 (Market-Cap-Weight),-0.0027732650983586906,-0.0036781453573194465,-0.019159941707563,-0.028138263858653378,-0.015488470202280774,-0.018285105244907604,-0.012129535253512055,-0.015371951667449358,0.0,0.0,0.0,0.0,0.0,0.0
2024-08-27 00:00:00,S&P 500 (Market-Cap-Weight),0.0008709695183686727,-0.003888218627430942,-0.019159941707563,-0.028138263858653378,-0.015812012887500768,-0.019180545406578955,-0.012280969485080657,-0.015530094099787865,0.0,0.0,0.0,0.0,0.0,0.0
2024-08-28 00:00:00,S&P 500 (Market-Cap-Weight),-0.006744824803771413,-0.004044817636882659,-0.019159941707563,-0.028138263858653378,-0.015537119082891699,-0.019191943969412664,-0.012137761274135248,-0.016182503812757397,0.0,0.0,0.0,0.0,0.0,0.0
2024-08-29 00:00:00,S&P 500 (Market-Cap-Weight),-0.0011809157476339932,-0.004552728195729966,-0.019159941707563,-0.028138263858653378,-0.017332956126116742,-0.020673521535227703,-0.012181579594927529,-0.015738971451831188,0.0,0.0,0.0,0.0,0.0,0.0
2024-08-30 00:00:00,S&P 500 (Market-Cap-Weight),0.010641427374346594,-0.004452303516639239,-0.019159941707563,-0.028138263858653378,-0.01758115863894718,-0.020580432274393292,-0.012843741873447176,-0.016408764551537468,0.0,0.0,0.0,0.0,0.0,0.0
2024-09-03 00:00:00,S&P 500 (Market-Cap-Weight),-0.02342906959056416,-0.003526419441664731,-0.01938686122106206,-0.028218984928550624,-0.015287299258479516,-0.018419152391740076,-0.012726447059551069,-0.0163932095053103,1.0,1.0,1.0,0.0,1.0,1.0
2024-09-04 00:00:00,S&P 500 (Market-Cap-Weight),-0.0018601777422032851,-0.005407800292396075,-0.01938686122106206,-0.028218984928550624,-0.02038385493146785,-0.023575268555109455,-0.012484230556394308,-0.016826652121852696,0.0,0.0,0.0,0.0,0.0,0.0
2024-09-05 00:00:00,S&P 500 (Market-Cap-Weight),-0.0010822728634803905,-0.005665331524184067,-0.01938686122106206,-0.028218984928550624,-0.020914865901693436,-0.02505272645087685,-0.01346764352735053,-0.017736450144326697,0.0,0.0,0.0,0.0,0.0,0.0
2024-09-06 00:00:00,S&P 500 (Market-Cap-Weight),-0.01988266168575814,-0.005807562379766961,-0.019646401519346622,-0.028227919231226712,-0.02110525643490851,-0.02510050965448439,-0.01161059180167475,-0.015303438420002506,1.0,0.0,1.0,0.0,0.0,1.0
2024-09-09 00:00:00,S&P 500 (Market-Cap-Weight),0.011232406703521878,-0.006635016259254626,-0.01938686122106206,-0.02778168065736545,-0.02528309316909793,-0.030443011095806202,-0.013456705344073562,-0.017943524194017707,0.0,0.0,0.0,0.0,0.0,0.0
2024-09-10 00:00:00,S&P 500 (Market-Cap-Weight),0.006038076378064625,-0.004812633343667119,-0.01938686122106206,-0.02778168065736545,-0.023219384328341114,-0.0278045490744774,-0.014080872984545861,-0.017369252138624544,0.0,0.0,0.0,0.0,0.0,0.0
2024-09-11 00:00:00,S&P 500 (Market-Cap-Weight),0.012610559412581893,-0.0041536082033284604,-0.019159941707563,-0.02742353727864998,-0.019953393815132718,-0.024356744582463355,-0.013341156086818946,-0.01691287966873259,0.0,0.0,0.0,0.0,0.0,0.0
2024-09-12 00:00:00,S&P 500 (Market-Cap-Weight),0.00858835481442192,-0.002138959130715779,-0.019159941707563,-0.02742353727864998,-0.014269561770870524,-0.017656393869041234,-0.014691874270189224,-0.017649227089191616,0.0,0.0,0.0,0.0,0.0,0.0
2024-09-13 00:00:00,S&P 500 (Market-Cap-Weight),0.006356538559294727,-0.0030687425442708803,-0.019159941707563,-0.02742353727864998,-0.014688590400578846,-0.017319261065608868,-0.013787962512535766,-0.017092894211161808,0.0,0.0,0.0,0.0,0.0,0.0
2024-09-16 00:00:00,S&P 500 (Market-Cap-Weight),0.0007950371536670172,-0.002927883403301687,-0.019159941707563,-0.02742353727864998,-0.014076999706030676,-0.016755010946142426,-0.012734720375548462,-0.01688942854250488,0.0,0.0,0.0,0.0,0.0,0.0
2024-09-17 00:00:00,S&P 500 (Market-Cap-Weight),0.00012821260189009394,-0.002878101153582591,-0.019159941707563,-0.02742353727864998,-0.013619278437174401,-0.017690389409099207,-0.013348834542248883,-0.017166474208096017,0.0,0.0,0.0,0.0,0.0,0.0
2024-09-18 00:00:00,S&P 500 (Market-Cap-Weight),-0.0031895564264130725,-0.0037384502321501784,-0.019159941707563,-0.02742353727864998,-0.015203131869981783,-0.017920569037549173,-0.012591679242787208,-0.015931548489060754,0.0,0.0,0.0,0.0,0.0,0.0
2024-09-19 00:00:00,S&P 500 (Market-Cap-Weight),0.017023515154544314,-0.004295393845471028,-0.019159941707563,-0.02742353727864998,-0.01617841194920965,-0.019548296266004763,-0.011971964944274832,-0.015415521203024226,0.0,0.0,0.0,0.0,0.0,0.0
2024-09-20 00:00:00,S&P 500 (Market-Cap-Weight),-0.001914535399680709,-0.00349566665650061,-0.019159941707563,-0.02742353727864998,-0.014876070745080553,-0.01822303829643933,-0.01285877963278562,-0.016488144059120125,0.0,0.0,0.0,0.0,0.0,0.0
2024-09-23 00:00:00,S&P 500 (Market-Cap-Weight),0.002684318159443662,-0.00360658546471027,-0.019159941707563,-0.02742353727864998,-0.015233575316080685,-0.018286792319391468,-0.013512101822683972,-0.017426205329657916,0.0,0.0,0.0,0.0,0.0,0.0
2024-09-24 00:00:00,S&P 500 (Market-Cap-Weight),0.0031577449076618603,-0.0039088672232827325,-0.019159941707563,-0.02742353727864998,-0.015369561694430904,-0.018463086461998027,-0.012335800544592837,-0.015826606106630087,0.0,0.0,0.0,0.0,0.0,0.0
2024-09-25 00:00:00,S&P 500 (Market-Cap-Weight),-0.0016196500396878746,-0.0037948279393436027,-0.019159941707563,-0.02742353727864998,-0.015252893427427241,-0.01799617225778454,-0.012275434140494547,-0.015588415901940338,0.0,0.0,0.0,0.0,0.0,0.0
2024-09-26 00:00:00,S&P 500 (Market-Cap-Weight),0.004043882690724661,-0.004387322489675855,-0.018862287892813343,-0.0272254439903992,-0.016117083675328544,-0.019238489990132238,-0.012294463993455268,-0.015451603852566498,0.0,0.0,0.0,0.0,0.0,0.0
2024-09-27 00:00:00,S&P 500 (Market-Cap-Weight),-0.0008086121641021039,-0.004271474203354609,-0.018862287892813343,-0.0272254439903992,-0.01590150964108062,-0.019035116666027908,-0.012482015800097168,-0.016207346618677874,0.0,0.0,0.0,0.0,0.0,0.0
2024-09-30 00:00:00,S&P 500 (Market-Cap-Weight),0.004440922405892366,-0.004047492431121816,-0.018862287892813343,-0.0272254439903992,-0.015585758568918808,-0.017995473994223,-0.013245656437938137,-0.016340342416596133,0.0,0.0,0.0,0.0,0.0,0.0
2024-10-01 00:00:00,S&P 500 (Market-Cap-Weight),-0.009058073869503927,-0.004021926178295565,-0.018862287892813343,-0.0272254439903992,-0.015442596103396407,-0.019045737608913378,-0.0123588081884353,-0.016347161535788187,0.0,0.0,0.0,0.0,0.0,0.0
2024-10-02 00:00:00,S&P 500 (Market-Cap-Weight),-0.0002152496161029681,-0.004389002608452323,-0.018862287892813343,-0.0272254439903992,-0.016684886671910374,-0.02021732337712718,-0.01276600289085749,-0.016223005551980356,0.0,0.0,0.0,0.0,0.0,0.0
2024-10-03 00:00:00,S&P 500 (Market-Cap-Weight),-0.002303221741621355,-0.0048564432145534134,-0.018862287892813343,-0.0272254439903992,-0.017416507881917297,-0.021051418322613466,-0.012605016161587476,-0.01616875336860314,0.0,0.0,0.0,0.0,0.0,0.0
2024-10-04 00:00:00,S&P 500 (Market-Cap-Weight),0.00905297924952016,-0.004824743355228862,-0.018862287892813343,-0.0272254439903992,-0.017375031755852085,-0.021073231614377675,-0.012737582927887436,-0.015669335163011177,0.0,0.0,0.0,0.0,0.0,0.0
2024-10-07 00:00:00,S&P 500 (Market-Cap-Weight),-0.010366473874186384,-0.0037881200665804407,-0.018862287892813343,-0.0272254439903992,-0.016695424249152727,-0.019766946996468103,-0.013189219180051255,-0.016199689495126336,0.0,0.0,0.0,0.0,0.0,0.0
2024-10-08 00:00:00,S&P 500 (Market-Cap-Weight),0.010247572358485488,-0.005180499175224302,-0.018862287892813343,-0.0272254439903992,-0.017967209305636257,-0.02145515570131146,-0.012795824858775584,-0.01712626172498062,0.0,0.0,0.0,0.0,0.0,0.0
2024-10-09 00:00:00,S&P 500 (Market-Cap-Weight),0.005953561013873314,-0.004174036628939968,-0.018862287892813343,-0.0272254439903992,-0.016856878035857344,-0.02071597813282465,-0.011837299993812885,-0.015072429659405882,0.0,0.0,0.0,0.0,0.0,0.0
2024-10-10 00:00:00,S&P 500 (Market-Cap-Weight),-0.0015383158112883266,-0.003162783628280073,-0.018862287892813343,-0.0272254439903992,-0.015139372346217952,-0.01787546719129922,-0.012924058300387961,-0.015737840679877307,0.0,0.0,0.0,0.0,0.0,0.0
2024-10-11 00:00:00,S&P 500 (Market-Cap-Weight),0.004863760726302019,-0.0038241840484197535,-0.018862287892813343,-0.0272254439903992,-0.015311501182587738,-0.01868823948082649,-0.011662355775296802,-0.014853805964219879,0.0,0.0,0.0,0.0,0.0,0.0
2024-10-14 00:00:00,S&P 500 (Market-Cap-Weight),0.008264350094033979,-0.003756920155112496,-0.018862287892813343,-0.0272254439903992,-0.015502659942660786,-0.018663275143951337,-0.012916997257209696,-0.01616001985295254,0.0,0.0,0.0,0.0,0.0,0.0
2024-10-15 00:00:00,S&P 500 (Market-Cap-Weight),-0.006304397466514957,-0.0035360156574542677,-0.018862287892813343,-0.0272254439903992,-0.014579870063323553,-0.0176701781276889,-0.012675806704868165,-0.015302468549430896,0.0,0.0,0.0,0.0,0.0,0.0
2024-10-16 00:00:00,S&P 500 (Market-Cap-Weight),0.005212381585781083,-0.004186264575753607,-0.018862287892813343,-0.0272254439903992,-0.01687938080705619,-0.0200844739459966,-0.012527644631855626,-0.016416743259165485,0.0,0.0,0.0,0.0,0.0,0.0
2024-10-17 00:00:00,S&P 500 (Market-Cap-Weight),-0.0003484736636760805,-0.0039230841148049905,-0.018862287892813343,-0.0272254439903992,-0.01545261169537484,-0.018592965342155175,-0.012226891991350993,-0.015763427769401577,0.0,0.0,0.0,0.0,0.0,0.0
2024-10-18 00:00:00,S&P 500 (Market-Cap-Weight),0.004424191943908921,-0.0038847231125707367,-0.018862287892813343,-0.0272254439903992,-0.015417782552325475,-0.018687814308548614,-0.0127610013607896,-0.01731229275076686,0.0,0.0,0.0,0.0,0.0,0.0
2024-10-21 00:00:00,S&P 500 (Market-Cap-Weight),-0.001436358964953306,-0.0038417545612339783,-0.018862287892813343,-0.0272254439903992,-0.014885785589687915,-0.018166426790591186,-0.01185500165948508,-0.015385535732362277,0.0,0.0,0.0,0.0,0.0,0.0
2024-10-22 00:00:00,S&P 500 (Market-Cap-Weight),-9.532561661310503e-05,-0.004360704714453842,-0.018862287892813343,-0.0272254439903992,-0.01621977780273529,-0.019375215341863858,-0.012236124972259076,-0.01601461187031857,0.0,0.0,0.0,0.0,0.0,0.0
2024-10-23 00:00:00,S&P 500 (Market-Cap-Weight),-0.009033453021148719,-0.004055295606339137,-0.018862287892813343,-0.0272254439903992,-0.015442099073936209,-0.01822506404534593,-0.01115474196273675,-0.01467145052377029,0.0,0.0,0.0,0.0,0.0,0.0
2024-10-24 00:00:00,S&P 500 (Market-Cap-Weight),0.004310845776254225,-0.0048068271880080836,-0.018862287892813343,-0.0272254439903992,-0.017644047058676664,-0.020755643555933595,-0.01268592772899983,-0.01543153771882554,0.0,0.0,0.0,0.0,0.0,0.0
2024-10-25 00:00:00,S&P 500 (Market-Cap-Weight),0.0006685299939157762,-0.0041122639513249395,-0.018862287892813343,-0.0272254439903992,-0.016389305981336588,-0.01950185970912925,-0.012503486103224071,-0.01632477602076001,0.0,0.0,0.0,0.0,0.0,0.0
2024-10-28 00:00:00,S&P 500 (Market-Cap-Weight),0.002561965443075797,-0.0043447675522973045,-0.018862287892813343,-0.0272254439903992,-0.017317618027314963,-0.02002465242300286,-0.012111389180718978,-0.01566635028652464,0.0,0.0,0.0,0.0,0.0,0.0
2024-10-29 00:00:00,S&P 500 (Market-Cap-Weight),0.0017984657038603862,-0.0040820035268911556,-0.018822815891784698,-0.02718967656171451,-0.016336513727745527,-0.019027562627342155,-0.011997619228116936,-0.016064206532734753,0.0,0.0,0.0,0.0,0.0,0.0
2024-10-30 00:00:00,S&P 500 (Market-Cap-Weight),-0.0017071463217504489,-0.003728294749052931,-0.018822815891784698,-0.02718967656171451,-0.016238593283375468,-0.019290524178513454,-0.011322601717197792,-0.014751363530907549,0.0,0.0,0.0,0.0,0.0,0.0
2024-10-31 00:00:00,S&P 500 (Market-Cap-Weight),-0.018322435185009867,-0.00418725464014936,-0.01877572578068897,-0.026814570667373083,-0.015490700625233188,-0.01873009754886051,-0.01093602914007557,-0.01530034507146401,0.0,1.0,1.0,0.0,0.0,1.0
2024-11-01 00:00:00,S&P 500 (Market-Cap-Weight),0.004643664537833123,-0.005746361986982942,-0.01877572578068897,-0.026814570667373083,-0.020097862310098524,-0.023740122766885488,-0.01167374782851596,-0.015250318469229618,0.0,0.0,0.0,0.0,0.0,0.0
2024-11-04 00:00:00,S&P 500 (Market-Cap-Weight),-0.002650744658853173,-0.004761293334525369,-0.01877572578068897,-0.026814570667373083,-0.017813408651693365,-0.021158843794933473,-0.01115522166982508,-0.015405176682312813,0.0,0.0,0.0,0.0,0.0,0.0
2024-11-05 00:00:00,S&P 500 (Market-Cap-Weight),0.011366479664442165,-0.004221845611585073,-0.01877572578068897,-0.026814570667373083,-0.018787858486737433,-0.021974302246354428,-0.012344207722198564,-0.016286531500304985,0.0,0.0,0.0,0.0,0.0,0.0
2024-11-06 00:00:00,S&P 500 (Market-Cap-Weight),0.02703411223264876,-0.003947735189820172,-0.01877572578068897,-0.026814570667373083,-0.01659262021925449,-0.01909949049020233,-0.011804517265233185,-0.015531932859486557,0.0,0.0,0.0,0.0,0.0,0.0
2024-11-07 00:00:00,S&P 500 (Market-Cap-Weight),0.008194269013398536,-0.0030029631937506973,-0.01877572578068897,-0.026814570667373083,-0.013750700444598602,-0.016532101263139407,-0.011322988446333842,-0.014767099330489744,0.0,0.0,0.0,0.0,0.0,0.0
2024-11-08 00:00:00,S&P 500 (Market-Cap-Weight),0.004340046581638389,-0.0029014048675278224,-0.01877572578068897,-0.026814570667373083,-0.01307370649796365,-0.015368186498232345,-0.011899049949465468,-0.015940192300710282,0.0,0.0,0.0,0.0,0.0,0.0
2024-11-11 00:00:00,S&P 500 (Market-Cap-Weight),0.0026506102028377625,-0.0030301984337930436,-0.01877572578068897,-0.026814570667373083,-0.013458667085109307,-0.016420595050109843,-0.012054506129410813,-0.015616892545391302,0.0,0.0,0.0,0.0,0.0,0.0
2024-11-12 00:00:00,S&P 500 (Market-Cap-Weight),-0.002037524833303433,-0.0035778043662336705,-0.01877572578068897,-0.026814570667373083,-0.015206233178969422,-0.017905858752681036,-0.012031814058961223,-0.015782908085420298,0.0,0.0,0.0,0.0,0.0,0.0
2024-11-13 00:00:00,S&P 500 (Market-Cap-Weight),-0.00021426821464838646,-0.004414513173051445,-0.01877572578068897,-0.026814570667373083,-0.01628487151483856,-0.018722879301341484,-0.011069995499273337,-0.013903636374613877,0.0,0.0,0.0,0.0,0.0,0.0
2024-11-14 00:00:00,S&P 500 (Market-Cap-Weight),-0.006733460141949269,-0.004428175247874519,-0.01877572578068897,-0.026814570667373083,-0.016642187885210734,-0.01953092094985045,-0.01208339965108937,-0.01535609724694738,0.0,0.0,0.0,0.0,0.0,0.0
2024-11-15 00:00:00,S&P 500 (Market-Cap-Weight),-0.01318083469925299,-0.0050899323417060065,-0.01877572578068897,-0.026814570667373083,-0.017253698605280785,-0.02055395188128343,-0.012241541539134076,-0.016329523493719283,0.0,0.0,1.0,0.0,0.0,0.0
2024-11-18 00:00:00,S&P 500 (Market-Cap-Weight),0.005249473241023774,-0.006137601253176793,-0.01877572578068897,-0.026814570667373083,-0.020632798230164128,-0.024943529122779168,-0.012755637156466207,-0.016114101762305447,0.0,0.0,0.0,0.0,0.0,0.0
2024-11-19 00:00:00,S&P 500 (Market-Cap-Weight),0.004739451284229695,-0.005203095666144703,-0.01877572578068897,-0.026814570667373083,-0.019236651537945067,-0.022520532989984007,-0.011803994297252138,-0.014788752950379465,0.0,0.0,0.0,0.0,0.0,0.0
Breach Rates,S&P 500 (Market-Cap-Weight),,,,,,,,,3.968253968253968,3.968253968253968,7.142857142857142,0.7936507936507936,2.380952380952381,4.761904761904762
